Brand;Model;Gender;Sport;Price
Nike; Air Max Alpha Trainer 6;Men;All;$ 95,00
Nike; Air Monarch IV;Men;All;$ 80,00
Nike; Air Pegasus Wave;Men;All;$ 170,00
Nike; Air Zoom Pegasus 41 SP;Men;All;$ 140,00
Nike; Alphafly 3;Men;All;$ 295,00
Nike;" Alphafly 3 ""Faith Kipyegon""";Women;All;$ 295,00
Nike; Bella 7;Women;All;$ 85,00
Nike; Calm;Women;All;$ 50,00
Nike; Downshifter 13;Men;Running;$ 60,97
Nike; Downshifter 13;Women;Running;$ 56,97
Nike; Dragonfly 2;Unisex;All;$ 170,00
Nike; Dragonfly 2 Elite;Unisex;All;$ 200,00
Nike; Dragonfly XC;Unisex;All;$ 170,00
Nike; Flex Control 4;Men;All;$ 59,97
Nike; Flex Experience Run 12;Men;Running;$ 75,00
Nike; Flex Experience Run 12;Men;Running;$ 75,00
Nike; Flex Experience Run 12;Women;Running;$ 75,00
Nike; Free Metcon 6;Men;All;$ 125,00
Nike; Free Metcon 6;Women;All;$ 125,00
Nike; Free RN 2018;Women;Running;$ 60,97
Nike; Free Run 2018;Men;Running;$ 65,97
Nike; Free Run 5.0;Men;Running;$ 65,97
Nike; Free Run Flyknit 2018;Men;Running;$ 90,97
Nike; Free Run Flyknit 2018;Women;Running;$ 89,97
Nike; Free TR 8;Women;All;$ 55,97
Nike; Freek;Men;All;$ 125,00
Nike; Fury;Unisex;All;$ 90,00
Nike; G.T. Cut 3;Unisex;Basketball;$ 200,00
Nike; G.T. Cut 3 Turbo;Unisex;Basketball;$ 210,00
Nike; G.T. Cut Academy;Unisex;Basketball;$ 95,00
Nike; G.T. Hustle 3;Unisex;Basketball;$ 170,97
Nike; G.T. Jump Academy;Unisex;Basketball;$ 80,00
Nike; High Jump Elite;Unisex;All;$ 105,97
Nike; HyperAce 3;Unisex;All;$ 125,00
Nike; HyperAce 3 SE;Unisex;All;$ 130,00
Nike; Hyperdunk 2017 Low;Unisex;Basketball;$ 78,97
Nike; HyperSpeed Court;Unisex;All;$ 90,00
Nike; Inflict;Unisex;All;$ 110,00
Nike; In-Season TR 13;Women;All;$ 72,97
Nike; In-Season TR 14;Women;All;$ 75,00
Nike; Interact Run;Men;Running;$ 58,97
Nike; Interact Run;Women;Running;$ 63,97
Nike; Interact Run EasyOn;Men;Running;$ 68,97
Nike; Interact Run EasyOn;Women;Running;$ 85,00
Nike; Invincible 3;Women;Running;$ 190,00
Nike; Invincible 3;Men;Running;$ 133,97
Nike; Journey Run;Women;Running;$ 90,00
Nike; Journey Run;Men;Running;$ 72,97
Nike; Juniper Trail 2 GORE-TEX;Men;Running;$ 135,00
Nike; Juniper Trail 3;Men;Running;$ 90,00
Nike; Kiger 10;Men;Running;$ 170,00
Nike; Legend Essential 2 Premium;Women;Training;$ 39,97
Nike; Long Jump Elite;Unisex;All;$ 127,97
Nike; Lunargato II;Unisex;Soccer;$ 125,00
Nike; Maxfly 2;Unisex;All;$ 200,00
Nike; MC Trainer 2;Unisex;All;$ 68,97
Nike; MC Trainer 3;Men;All;$ 80,00
Nike; MC Trainer 3;Women;All;$ 60,97
Nike; Mercurial Superfly 10 Academy;Unisex;Soccer;$ 84,97
Nike; Mercurial Superfly 10 Academy;Unisex;Soccer;$ 70,97
Nike; Mercurial Superfly 10 Academy;Unisex;Soccer;$ 70,97
Nike; Mercurial Superfly 10 Academy;Unisex;Soccer;$ 100,00
Nike; Mercurial Superfly 10 Academy LV8;Unisex;Soccer;$ 110,00
Nike; Mercurial Superfly 10 Club;Unisex;Soccer;$ 58,97
Nike; Mercurial Superfly 10 Elite;Unisex;Soccer;$ 295,00
Nike; Mercurial Superfly 10 Pro;Unisex;Soccer;$ 155,00
Nike; Mercurial Vapor 16 Academy;Unisex;Soccer;$ 90,00
Nike; Mercurial Vapor 16 Academy;Unisex;Soccer;$ 90,00
Nike; Mercurial Vapor 16 Academy;Unisex;Soccer;$ 90,00
Nike; Mercurial Vapor 16 Academy;Unisex;Soccer;$ 90,00
Nike; Mercurial Vapor 16 Academy LV8;Unisex;Soccer;$ 90,00
Nike; Mercurial Vapor 16 Club;Unisex;Soccer;$ 65,00
Nike; Mercurial Vapor 16 Elite;Unisex;Soccer;$ 270,00
Nike; Mercurial Vapor 16 Elite;Unisex;Soccer;$ 260,00
Nike; Mercurial Vapor 16 Pro;Unisex;Soccer;$ 170,00
Nike; Mercurial Vapor 16 Pro;Unisex;Soccer;$ 160,00
Nike; Mercurial Vapor 16 Pro;Unisex;Soccer;$ 160,00
Nike; Metcon 1 OG;Men;All;$ 155,00
Nike; Metcon 9;Men;All;$ 90,97
Nike; Metcon 9 AMP;Men;All;$ 108,97
Nike; Metcon 9 EasyOn;Women;All;$ 155,00
Nike; Motiva;Men;Walking;$ 115,00
Nike; Motiva;Men;Walking;$ 115,00
Nike; Motiva;Women;Walking;$ 115,00
Nike; Motiva x NorBlack NorWhite;Women;Walking;$ 120,00
Nike; Pegasus 41;Men;Running;$ 145,00
Nike; Pegasus 41;Women;Running;$ 105,97
Nike;" Pegasus 41 ""Faith Kipyegon""";Women;Running;$ 145,00
Nike; Pegasus 41 GORE-TEX;Men;Running;$ 136,97
Nike; Pegasus EasyOn;Women;Running;$ 145,00
Nike; Pegasus EasyOn;Men;Running;$ 116,97
Nike; Pegasus Plus;Men;Running;$ 190,00
Nike;" Pegasus Plus ""Faith Kipyegon""";Women;Running;$ 200,00
Nike; Pegasus Premium;Men;Running;$ 220,00
Nike;" Pegasus Premium ""Faith Kipyegon""";Women;Running;$ 220,00
Nike;" Pegasus Premium ""Faith Kipyegon""";Women;Running;$ 210,00
Nike; Pegasus Premium LV8;Men;Running;$ 220,00
Nike; Pegasus Trail 5;Women;Running;$ 155,00
Nike; Pegasus Trail 5;Men;Running;$ 155,00
Nike; Pegasus Trail 5 GORE-TEX;Women;Running;$ 180,00
Nike; Pegasus Trail 5 GORE-TEX;Men;Running;$ 180,00
Nike; Phantom 6 High Academy;Unisex;Soccer;$ 95,00
Nike; Phantom 6 High Academy;Unisex;Soccer;$ 95,00
Nike; Phantom 6 High Elite;Unisex;Soccer;$ 295,00
Nike; Phantom 6 High Elite;Unisex;Soccer;$ 305,00
Nike; Phantom 6 Low Academy;Unisex;Soccer;$ 90,00
Nike; Phantom 6 Low Elite;Unisex;Soccer;$ 270,00
Nike; Phantom 6 Low Elite;Unisex;Soccer;$ 280,00
Nike; Phantom GX 2 Academy;Unisex;Soccer;$ 76,97
Nike; Phantom GX 2 Academy;Unisex;Soccer;$ 74,97
Nike; Phantom GX 2 Academy;Unisex;Soccer;$ 67,97
Nike; Phantom GX 2 Academy;Unisex;Soccer;$ 76,97
Nike; Phantom GX 2 Academy EasyOn;Unisex;Soccer;$ 90,00
Nike; Phantom GX 2 Club;Unisex;Soccer;$ 60,00
Nike; Phantom GX 2 Elite;Unisex;Soccer;$ 229,97
Nike; Phantom GX 2 Elite;Unisex;Soccer;$ 229,97
Nike; Phantom GX 2 Pro;Unisex;Soccer;$ 144,97
Nike; Phantom GX 2 Pro;Unisex;Soccer;$ 123,97
Nike; Phantom GX 2 Pro;Unisex;Soccer;$ 136,97
Nike; Phantom Luna 2 Academy;Unisex;Soccer;$ 80,97
Nike; Phantom Luna 2 Academy;Unisex;Soccer;$ 80,97
Nike; Phantom Luna 2 Academy;Unisex;Soccer;$ 95,00
Nike; Phantom Luna 2 Club;Unisex;Soccer;$ 59,97
Nike; Phantom Luna 2 Elite;Unisex;Soccer;$ 250,97
Nike; Phantom Luna 2 Pro;Unisex;Soccer;$ 153,97
Nike; Phantom Run 2;Women;Running;$ 112,97
Nike; Phantom Run 2;Men;Running;$ 155,00
Nike; Pole Vault Elite;Unisex;All;$ 101,97
Nike; Power Flight;Women;All;$ 120,00
Nike; Precision 7;Men;Basketball;$ 48,97
Nike; Precision 7 EasyOn;Men;Basketball;$ 80,00
Nike; Precision 7 EasyOn;Men;Basketball;$ 56,97
Nike; Precision 7 EasyOn;Men;Basketball;$ 80,00
Nike; Premier 3;Unisex;Soccer;$ 125,00
Nike; Promina;Men;Walking;$ 45,97
Nike; Quest 6;Men;Running;$ 64,97
Nike; Quest 6;Women;Running;$ 56,97
Nike; React Gato;Unisex;Soccer;$ 150,00
Nike; React HyperSet;Unisex;All;$ 94,97
Nike; React SFB Carbon;Unisex;All;$ 180,00
Nike; React SFB Carbon Low;Unisex;All;$ 150,00
Nike; ReactX Rejuven8;Women;All;$ 60,00
Nike; ReactX Rejuven8;Men;All;$ 70,00
Nike; Reax 8 TR;Men;All;$ 90,00
Nike; Reina EasyOn;Women;All;$ 106,97
Nike; Reina EasyOn;Women;All;$ 145,00
Nike; Revolution 8;Women;Running;$ 70,00
Nike; Revolution 8;Men;Running;$ 70,00
Nike; Rival Distance;Unisex;All;$ 56,97
Nike; Romaleos 4;Unisex;All;$ 200,00
Nike; Run Defy;Women;Running;$ 60,00
Nike; Run Defy;Men;Running;$ 60,00
Nike; Run Swift 3;Men;Running;$ 64,97
Nike;" SFB Air Field Ukiah 8""";Unisex;All;$ 185,00
Nike;" SFB Air Field Ukiah 8"" L";Unisex;All;$ 185,00
Nike; SFB Air Field Ukiah R GORE-TEX;Unisex;All;$ 215,00
Nike; SFB B2;Unisex;All;$ 180,00
Nike; SFB B2;Men;All;$ 180,00
Nike;" SFB Gen 2 8"" Leather";Unisex;All;$ 145,00
Nike;" SFB Jungle 2 8"" Leather";Men;All;$ 195,00
Nike; Sideline IV;Women;All;$ 80,00
Nike; SpeedSweep 7;Men;All;$ 63,00
Nike; Streakfly 2;Unisex;All;$ 190,00
Nike; Streetgato;Unisex;Soccer;$ 90,00
Nike; Structure 25;Men;Running;$ 101,97
Nike; Structure 25 SE;Women;Running;$ 155,00
Nike; Tawa;Men;All;$ 150,00
Nike; Tawa SE;Men;All;$ 155,00
Nike; Tiempo Legend 10 Academy;Unisex;Soccer;$ 85,00
Nike; Tiempo Legend 10 Academy;Unisex;Soccer;$ 85,00
Nike; Tiempo Legend 10 Academy;Unisex;Soccer;$ 85,00
Nike; Tiempo Legend 10 Academy;Unisex;Soccer;$ 85,00
Nike; Tiempo Legend 10 Academy LV8;Unisex;Soccer;$ 85,00
Nike; Tiempo Legend 10 Club;Unisex;Soccer;$ 60,00
Nike; Tiempo Legend 10 Elite;Unisex;Soccer;$ 250,00
Nike; Tiempo Legend 10 Elite;Unisex;Soccer;$ 240,00
Nike; Tiempo Legend 10 Pro;Unisex;Soccer;$ 155,00
Nike; Tiempo Legend 10 Pro;Unisex;Soccer;$ 105,97
Nike; Tiempo Legend 10 Pro;Unisex;Soccer;$ 140,00
Nike; Triple Jump Elite 3;Unisex;All;$ 130,00
Nike; Ultrafly;Men;All;$ 260,00
Nike; Vaporfly 4;Women;All;$ 270,00
Nike;" Vaporfly 4 ""Jakob Ingebrigtsen""";Men;All;$ 280,00
Nike; Victory 2;Unisex;All;$ 200,00
Nike;" Victory 2 ""Faith Kipyegon""";Unisex;All;$ 200,00
Nike; Vomero 18;Women;Running;$ 155,00
Nike; Vomero 18;Men;Running;$ 155,00
Nike; Wildhorse 10;Women;Running;$ 165,00
Nike; Wildhorse 10;Men;Running;$ 165,00
Nike; Winflo 11;Men;Running;$ 88,97
Nike; Winflo 11;Women;Running;$ 110,00
Nike; Winflo 11 GORE-TEX;Men;Running;$ 90,97
Nike; Zegama 2;Women;Running;$ 190,00
Nike; Zegama 2;Men;Running;$ 190,00
Nike; Zoom Fly 6;Women;All;$ 180,00
Nike; Zoom Fly 6;Men;All;$ 180,00
Nike; Zoom Ja Fly 4;Unisex;All;$ 93,97
Nike; Zoom Javelin Elite 3;Unisex;All;$ 127,97
Nike; Zoom Mamba 6;Unisex;All;$ 93,97
Nike; Zoom Rival Fly 4;Men;All;$ 84,97
Nike; Zoom Rival Jump;Unisex;All;$ 56,97
Nike; Zoom Rival Multi;Unisex;All;$ 56,97
Nike; Zoom Rival SD 2;Unisex;All;$ 52,97
Nike; Zoom Rival Sprint;Unisex;All;$ 56,97
Nike; Zoom Rival Waffle 6;Unisex;All;$ 70,00
Nike; Zoom Rival XC 6;Unisex;All;$ 70,00
Nike; Zoom Rotational 6;Unisex;All;$ 86,97
Nike; Zoom SD 4;Unisex;All;$ 63,97
Nike; Zoom Superfly Elite 2;Unisex;All;$ 170,00
Nike;"Air Jordan 40 ""The Classic""";Unisex;Basketball;$ 205,00
Nike;"A'One ""OG Pearl""";Unisex;Basketball;$ 115,00
Nike;"Book 1 ""Decade""";Unisex;Basketball;$ 145,00
Nike;Giannis Freak 6;Unisex;Basketball;$ 102,97
Nike;Giannis Freak 6;Unisex;Basketball;$ 84,97
Nike;Giannis Immortality 4;Unisex;Basketball;$ 85,00
Nike;Ja 2;Unisex;Basketball;$ 135,00
Nike;"Ja 2 ""Tropical Punch""";Unisex;Basketball;$ 135,00
Nike;"Jordan Heir Series ""Bloodline""";Unisex;Basketball;$ 97,97
Nike;"Jordan Heir Series ""Mother's Day""";Women;Basketball;$ 115,00
Nike;KD Trey 5 X;Unisex;Basketball;$ 50,97
Nike;"KD18 ""Smart City""";Unisex;Basketball;$ 155,00
Nike;Kobe V Protro;Unisex;Basketball;$ 190,00
Nike;LeBron NXXT Genisus;Unisex;Basketball;$ 97,97
Nike;LeBron TR 1;Men;All;$ 135,00
Nike;LeBron Witness VIII;Unisex;Basketball;$ 97,97
Nike;LeBron XXII “Mogul”;Unisex;Basketball;$ 133,97
Nike;"Luka .77 ""Navigator""";Unisex;Basketball;$ 105,00
Nike;"Luka 4 ""Navigator""";Unisex;Basketball;$ 135,00
Nike;Sabrina 2;Unisex;Basketball;$ 135,00
Nike;Sabrina 2 By Sabrina;Unisex;Basketball;$ 165,00
Nike;Sabrina 2 For PRIDE;Unisex;Basketball;$ 165,00
Nike;"Tatum 3 ""Pink""";Unisex;Basketball;$ 130,00
Nike;"Zion 4 ""Low Country""";Unisex;Basketball;$ 145,00
