Brand;Model;Gender;Sports;Price
Puma;2K Scoot Zeros;Men;Basketball;$ 110,00
Puma;ALEX TOUSSAINT Deviate  3;Men;Running;$ 170,00
Puma;CHRISTIAN PULISIC ULTRA ULTIMATE;Men;Soccer;$ 220,00
Puma;HYROX Deviate  3;Men;Running;$ 170,00
Puma;HYROX Deviate  Elite 2;Men;Running;$ 240,00
Puma;KIDSUPER FUTURE 8 ULTIMATE;Men;Soccer;$ 250,00
Puma;KIDSUPER KING ULTIMATE;Men;Soccer;$ 230,00
Puma;KIDSUPER ULTRA 5 ULTIMATE;Men;Soccer;$ 250,00
Puma;LAMELO BALL MB.01 Alien Safari;Men;Basketball;$ 140,00
Puma;LAMELO BALL MB.03 CNY;Men;Basketball;$ 125,00
Puma;LAMELO BALL MB.03 Lo;Men;Basketball;$ 115,00
Puma;LAMELO BALL MB.03 Lo Team;Men;Basketball;$ 115,00
Puma;LAMELO BALL MB.04 1Love;Men;Basketball;$ 125,00
Puma;LAMELO BALL MB.04 Be You;Men;Basketball;$ 140,00
Puma;LAMELO BALL MB.04 Creativity Pack;Men;Basketball;$ 135,00
Puma;LAMELO BALL MB.04 Gem;Men;Basketball;$ 125,00
Puma;LAMELO BALL MB.04 Golden Child;Men;Basketball;$ 125,00
Puma;LAMELO BALL MB.04 Heem;Men;Basketball;$ 125,00
Puma;LAMELO BALL MB.04 Iridescent;Men;Basketball;$ 125,00
Puma;LAMELO BALL MB.04 LO Alien Skin;Men;Basketball;$ 115,00
Puma;LAMELO BALL MB.04 Lo Ice White;Unisex;Basketball;$ 115,00
Puma;LAMELO BALL MB.04 Phoenix;Men;Basketball;$ 125,00
Puma;LAMELO BALL MB.04 Reflections Basketball;Men;Basketball;$ 125,00
Puma;LAMELO BALL MB.04 Scooby-Doo;Men;Basketball;$ 135,00
Puma;LAMELO BALLTMNT MB.01 Baxter Stockman;Men;Basketball;$ 135,00
Puma;"NEYMAR FUTURE 7 ULTIMATE ""BNA""";Men;Soccer;$ 240,00
Puma;Accelerate  SQD;Men;All;$ 155,00
Puma;Accelerate  SQD;Unisex;All;$ 150,00
Puma;Accelerate Turbo;Men;All;$ 110,00
Puma;Accelerate Turbo 4;Men;All;$ 110,00
Puma;All-Pro ;Men;Basketball;$ 130,00
Puma;All-Pro  2 Shammgod;Men;Basketball;$ 140,00
Puma;All-Pro  Clyde's Closet;Men;Basketball;$ 130,00
Puma;All-Pro  Dress Code;Men;Basketball;$ 130,00
Puma;All-Pro  Elite;Men;Basketball;$ 250,00
Puma;All-Pro  Hoops Dreamz;Men;Basketball;$ 130,00
Puma;All-Pro  Media Day;Men;Basketball;$ 130,00
Puma;All-Pro  Polar Express;Men;Basketball;$ 94,99
Puma;All-Pro  RJ Barrett;Men;Basketball;$ 130,00
Puma;All-Pro  SQD Dylan Exhibit;Men;Basketball;$ 130,00
Puma;ATTACANTO;Men;Soccer;$ 23,99
Puma;ATTACANTO;Men;Soccer;$ 20,99
Puma;ATTACANTO;Men;Soccer;$ 20,99
Puma;ATTACANTO II;Men;Soccer;$ 25,99
Puma;ATTACANTO II;Men;Soccer;$ 25,99
Puma;ATTACANTO II;Men;Soccer;$ 25,99
Puma;Axelion Fade 2;Men;All;$ 48,99
Puma;Axelion Multi;Men;All;$ 52,99
Puma;Axelion NXT Camo;Men;All;$ 43,99
Puma;Basket Classic XXI;Unisex;All;$ 90,00
Puma;Cell Thrill;Men;All;$ 32,99
Puma;CHRISTIAN PULISIC ULTRA 5 MATCH Chasing the Dream;Men;Soccer;$ 90,00
Puma;CHRISTIAN PULISIC ULTRA 5 ULTIMATE;Men;Soccer;$ 230,00
Puma;CHRISTIAN PULISIC ULTRA 5 ULTIMATE Chasing the Dream;Men;Soccer;$ 230,00
Puma;Contempt Demi;Men;All;$ 40,99
Puma;Contempt Demi Remix Mesh;Men;All;$ 40,99
Puma;Dagger;Men;Basketball;$ 42,99
Puma;Darter Pro;Men;All;$ 40,99
Puma;Darter Pro Tech;Men;All;$ 50,99
Puma;Deviate  3;Men;Running;$ 160,00
Puma;Deviate  3;Men;Running;$ 160,00
Puma;Deviate  3 Winterized;Men;Running;$ 170,00
Puma;Deviate  Elite 3;Men;Running;$ 230,00
Puma;Eliminate  SQD;Unisex;All;$ 165,00
Puma;Eliminate  SQD 4;Unisex;All;$ 165,00
Puma;Enzo 2 Revamp;Men;All;$ 35,99
Puma;Explore ;Men;Running;$ 110,00
Puma;Explore  2;Men;Running;$ 130,00
Puma;Explore  2;Men;Running;$ 120,00
Puma;Explore  GORE-TEX;Men;Running;$ 150,00
Puma;FAST-FWD  Elite;Men;Running;$ 245,00
Puma;FAST-R  Elite 2;Men;Running;$ 260,00
Puma;FAST-R  Elite 3;Men;Running;$ 300,00
Puma;Fast-Trac  2;Men;Running;$ 120,00
Puma;Flare Pro;Men;All;$ 60,99
Puma;ForeverRUN ;Men;Running;$ 150,00
Puma;ForeverRun ;Men;Running;$ 160,00
Puma;ForeverRun  2;Men;Running;$ 150,00
Puma;ForeverRun  Fade;Men;Running;$ 160,00
Puma;ForeverRun  Knit;Men;All;$ 150,00
Puma;ForeverRun  SUNSET;Men;All;$ 150,00
Puma;ForeverRun  Winterized;Men;Running;$ 170,00
Puma;Formula 1 ULTRA 5 ULTIMATE;Men;Soccer;$ 230,00
Puma;Fuse 2.0;Men;Training;$ 59,99
Puma;Fuse 3.0;Men;Training;$ 120,00
Puma;Fuse 4.0;Unisex;Training;$ 120,00
Puma;FUTURE 7 MATCH CAMO;Men;Soccer;$ 90,00
Puma;FUTURE 7 PRO;Men;Soccer;$ 140,00
Puma;FUTURE 7 PRO;Men;Soccer;$ 49,99
Puma;FUTURE 7 PRO Cage;Unisex;Soccer;$ 120,00
Puma;FUTURE 7 ULTIMATE;Men;Soccer;$ 240,00
Puma;FUTURE 7 ULTIMATE CAMO;Men;Soccer;$ 240,00
Puma;FUTURE 7 ULTIMATE CREATIVITY;Men;Soccer;$ 134,99
Puma;FUTURE 7 ULTIMATE Goalkeeper;Men;Soccer;$ 240,00
Puma;FUTURE 7 ULTIMATE VOLUME UP;Men;Soccer;$ 240,00
Puma;FUTURE 8 MATCH;Men;Soccer;$ 90,00
Puma;FUTURE 8 MATCH CREATIVITY;Men;Soccer;$ 90,00
Puma;FUTURE 8 MATCH FOREVER;Men;Soccer;$ 90,00
Puma;FUTURE 8 PLAY;Men;Soccer;$ 60,00
Puma;FUTURE 8 PLAY;Men;Soccer;$ 60,00
Puma;FUTURE 8 PLAY;Men;Soccer;$ 60,00
Puma;FUTURE 8 PRO;Men;Soccer;$ 140,00
Puma;FUTURE 8 PRO Cage;Men;Soccer;$ 120,00
Puma;FUTURE 8 ULTIMATE;Men;Soccer;$ 240,00
Puma;FUTURE 8 ULTIMATE CREATIVITY;Men;Soccer;$ 240,00
Puma;FUTURE 8 ULTIMATE FOREVER;Men;Soccer;$ 240,00
Puma;FUTURE ULTIMATE;Men;Soccer;$ 220,00
Puma;KING PRO;Men;Soccer;$ 120,00
Puma;KING TOP;Men;Soccer;$ 140,00
Puma;KING TOP;Men;Soccer;$ 90,00
Puma;KING TOP;Unisex;Soccer;$ 140,00
Puma;KING TOP;Unisex;Soccer;$ 140,00
Puma;KING TOP;Men;Soccer;$ 140,00
Puma;KING TOPMUNDIAL;Men;Soccer;$ 160,00
Puma;KING ULTIMATE;Men;Soccer;$ 220,00
Puma;KING ULTIMATE FOREVER;Men;Soccer;$ 220,00
Puma;KING ULTIMATE LAUNCH EDITION;Men;Soccer;$ 230,00
Puma;KING ULTIMATE TRICK;Men;Soccer;$ 220,00
Puma;KING ULTIMATE VOLUME UP;Men;Soccer;$ 220,00
Puma;KING ULTIMATEPORSCHE;Men;Soccer;$ 250,00
Puma;Lamelo Ball LaFrancé Assist;Men;All;$ 110,00
Puma;Lamelo Ball LaFrancé Black Written in Chrome;Unisex;All;$ 110,00
Puma;Lamelo Ball LaFrancé Butterfly;Unisex;All;$ 110,00
Puma;Lamelo Ball LaFrancé Gifted;Men;All;$ 110,00
Puma;Lamelo Ball LaFrancé Heatmap;Men;All;$ 110,00
Puma;Lamelo Ball LaFrancé Pink Carpet;Men;All;$ 110,00
Puma;Lamelo Ball LaFrancé Written in Chrome;Unisex;All;$ 110,00
Puma;LQDCELL Optic Evo;Men;Training;$ 59,99
Puma;MagMax ;Men;Running;$ 180,00
Puma;Magnetic;Men;All;$ 45,99
Puma;Magnify  2;Men;Running;$ 150,00
Puma;Magnify  3;Men;Running;$ 160,00
Puma;Meza;Men;All;$ 55,99
Puma;Neutron;Men;All;$ 42,99
Puma;Neutron;Men;All;$ 40,99
Puma;Pounce Lite;Men;All;$ 38,99
Puma;PWR  SQD;Men;Training;$ 120,00
Puma;PWR  SQD 2;Men;Training;$ 130,00
Puma;PWR  SQD 2 Unwavered;Men;Training;$ 130,00
Puma;PWR Hybrid;Unisex;Training;$ 80,00
Puma;PWRSPIN;Unisex;All;$ 140,00
Puma;Reflect Lite;Men;All;$ 31,99
Puma;Reflect Lite Trail Marbled;Men;All;$ 37,99
Puma;Reflect Lite Trail PTX;Men;All;$ 47,99
Puma;Retaliate 3;Men;All;$ 40,99
Puma;Rocket Fuel Light;Women;All;$ 28,99
Puma;Scoot Zeros;Men;Basketball;$ 100,00
Puma;Scoot Zeros Georgia Peach;Men;Basketball;$ 100,00
Puma;Scoot Zeros Grey Frost;Men;Basketball;$ 100,00
Puma;Scoot Zeros II 2K;Unisex;Basketball;$ 110,00
Puma;Scoot Zeros II Caution;Men;Basketball;$ 49,99
Puma;Scoot Zeros II O.D.D. City;Men;Basketball;$ 100,00
Puma;Scoot Zeros II Shift;Men;Basketball;$ 100,00
Puma;Scoot Zeros II Sterling;Men;Basketball;$ 100,00
Puma;Scoot Zeros Northern Lights;Men;Basketball;$ 100,00
Puma;Scoot Zeros PRED;Men;Basketball;$ 100,00
Puma;Scoot Zeros Retro Portland;Men;Basketball;$ 100,00
Puma;Skyrocket Lite 2;Men;All;$ 32,99
Puma;Softride Carson;Men;All;$ 35,99
Puma;Softride Carson Lace Speck;Men;All;$ 32,99
Puma;Softride Carson ML;Men;All;$ 36,99
Puma;Softride Enzo 5;Men;All;$ 75,00
Puma;Softride Enzo 5;Men;All;$ 36,99
Puma;Softride Enzo 5 Lyfe;Men;All;$ 36,99
Puma;Softride Enzo Evo;Men;All;$ 36,99
Puma;Softride Exo;Men;All;$ 40,99
Puma;Softride Exo Shift;Men;All;$ 40,99
Puma;Softride Symmetry Fuzion;Men;All;$ 43,99
Puma;Star Vital;Men;All;$ 36,99
Puma;Star Vital;Men;All;$ 32,99
Puma;Stewie 2 Cherry On Top;Women;Basketball;$ 120,00
Puma;Stewie 2 Team;Women;Basketball;$ 125,00
Puma;Stewie 3 Team;Women;Basketball;$ 120,00
Puma;Stewie 3 Tokyo Nights;Women;Basketball;$ 120,00
Puma;Stewie 4 Prism;Women;Basketball;$ 120,00
Puma;Tazon 7 Evo;Men;All;$ 32,99
Puma;Tyrese Haliburton All-Pro  Gold Rush;Unisex;Basketball;$ 140,00
Puma;Tyrese Haliburton All-Pro  Pinstripes;Unisex;Basketball;$ 140,00
Puma;ULTRA 5 MATCH FOREVER;Men;Soccer;$ 90,00
Puma;ULTRA 5 PLAY;Men;Soccer;$ 60,00
Puma;ULTRA 5 PRO;Men;Soccer;$ 140,00
Puma;ULTRA 5 PRO CAGE;Men;Soccer;$ 120,00
Puma;ULTRA 5 PRO Cage;Unisex;Soccer;$ 120,00
Puma;ULTRA 5 ULTIMATE;Men;Soccer;$ 230,00
Puma;ULTRA 5 ULTIMATE;Men;Soccer;$ 240,00
Puma;ULTRA 5 ULTIMATE FOREVER;Men;Soccer;$ 230,00
Puma;ULTRA 5 ULTIMATE VOLUME UP;Men;Soccer;$ 230,00
Puma;ULTRA 6 CARBON DARE TO;Unisex;Soccer;$ 290,00
Puma;ULTRA 6 ULTIMATE DARE TO;Unisex;Soccer;$ 240,00
Puma;ULTRA MATCH;Men;Soccer;$ 85,00
Puma;ULTRA PRO;Men;Soccer;$ 130,00
Puma;ULTRA ULTIMATE;Men;Soccer;$ 220,00
Puma;ULTRA ULTIMATE ENERGY;Men;Soccer;$ 220,00
Puma;Velocity ;Men;Running;$ 135,00
Puma;Velocity  3;Men;Running;$ 135,00
Puma;Velocity  3 GORE-TEX;Men;Running;$ 150,00
Puma;Viz Runner Repeat;Men;All;$ 35,99
Puma;Voltaic Evo;Men;All;$ 80,00
Puma;Voltaic Evo Fade;Men;All;$ 44,99
Puma;Voltaic Evo Fast;Men;All;$ 48,99
Puma;Voltaic Evo Hit The Wall;Men;All;$ 48,99
Puma;Voyage  3;Men;Running;$ 140,00
Puma;Voyage  3 Disc;Men;Running;$ 160,00
Puma;Voyage  3 GORE-TEX;Men;Running;$ 160,00
Puma;X-Cell Lightspeed;Men;All;$ 44,99
